{"cameraMode":{"drawMode":0,"name":"Shaded","section":"Shading Mode"},"sceneLighting":true,"audioPlay":false,"sceneViewState":{"showFog":true,"showMaterialUpdate":false,"showSkybox":true,"showFlares":true,"showImageEffects":true,"showParticleSystems":true},"in2DMode":false,"pivot":{"x":26.01995849609375,"y":15.47216796875,"z":-1.01171875},"rotation":{"x":0.04167499393224716,"y":0.012585863471031189,"z":0.0005249558016657829,"w":-0.9990527629852295},"size":14.300822257995606,"orthographic":true}