{"cameraMode":{"drawMode":0,"name":"Shaded","section":"Shading Mode"},"sceneLighting":true,"audioPlay":false,"sceneViewState":{"showFog":true,"showMaterialUpdate":false,"showSkybox":true,"showFlares":true,"showImageEffects":true,"showParticleSystems":true},"in2DMode":false,"pivot":{"x":-7.762500286102295,"y":5.7916669845581059,"z":90.0},"rotation":{"x":-0.04617378115653992,"y":-0.0030013977084308864,"z":-0.00013869607937522233,"w":0.9989295601844788},"size":4.430473804473877,"orthographic":false}