{"cameraMode":{"drawMode":0,"name":"Shaded","section":"Shading Mode"},"sceneLighting":true,"audioPlay":false,"sceneViewState":{"showFog":true,"showMaterialUpdate":false,"showSkybox":true,"showFlares":true,"showImageEffects":true,"showParticleSystems":true},"in2DMode":false,"pivot":{"x":5.85185432434082,"y":-3.6759259700775148,"z":0.0},"rotation":{"x":0.035981468856334689,"y":-0.024583319202065469,"z":0.0008854097686707974,"w":0.9990521669387817},"size":0.2618914246559143,"orthographic":true}