{"cameraMode":{"drawMode":0,"name":"Shaded","section":"Shading Mode"},"sceneLighting":true,"audioPlay":false,"sceneViewState":{"showFog":true,"showMaterialUpdate":false,"showSkybox":true,"showFlares":true,"showImageEffects":true,"showParticleSystems":true},"in2DMode":false,"pivot":{"x":-0.16219133138656617,"y":1.8138184547424317,"z":2.683091163635254},"rotation":{"x":-0.02398642897605896,"y":0.030588386580348016,"z":0.0007342566968873143,"w":0.9992434978485107},"size":6.122167587280273,"orthographic":true}