{"cameraMode":{"drawMode":0,"name":"Shaded","section":"Shading Mode"},"sceneLighting":true,"audioPlay":false,"sceneViewState":{"showFog":true,"showMaterialUpdate":false,"showSkybox":true,"showFlares":true,"showImageEffects":true,"showParticleSystems":true},"in2DMode":false,"pivot":{"x":11.039999961853028,"y":12.359999656677246,"z":0.0},"rotation":{"x":-0.02398642897605896,"y":0.030588386580348016,"z":0.0007342566968873143,"w":0.9992434978485107},"size":0.49119532108306887,"orthographic":true}