{"cameraMode":{"drawMode":0,"name":"Shaded","section":"Shading Mode"},"sceneLighting":true,"audioPlay":false,"sceneViewState":{"showFog":true,"showMaterialUpdate":false,"showSkybox":true,"showFlares":true,"showImageEffects":true,"showParticleSystems":true},"in2DMode":false,"pivot":{"x":30.059999465942384,"y":24.360000610351564,"z":0.0},"rotation":{"x":-0.02398642897605896,"y":0.030588386580348016,"z":0.0007342566968873143,"w":0.9992434978485107},"size":2.8275692462921144,"orthographic":true}