{"cameraMode":{"drawMode":0,"name":"Shaded","section":"Shading Mode"},"sceneLighting":true,"audioPlay":false,"sceneViewState":{"showFog":true,"showMaterialUpdate":false,"showSkybox":true,"showFlares":true,"showImageEffects":true,"showParticleSystems":true},"in2DMode":false,"pivot":{"x":0.19438937306404115,"y":0.11898469924926758,"z":1.2592833042144776},"rotation":{"x":0.6729665994644165,"y":0.011089829728007317,"z":-0.010093220509588719,"w":0.7395296096801758},"size":2.807934284210205,"orthographic":false}